category,parent
Apparel and Accessories,
Kids' Clothing,Apparel and Accessories
Men's Accessories,Apparel and Accessories
Men's Clothing,Apparel and Accessories
Women's Accessories,Apparel and Accessories
Women's Clothing,Apparel and Accessories
Automotive,
Automobiles,Automotive
Bike Accessories,Automotive
Car Accessories,Automotive
Car Audio and GPS,Automotive
Tyres and Spares,Automotive
Baby Care,
Beauty Products and Personal Care,
Bath,Beauty Products and Personal Care
Deodrants and Fragrances,Beauty Products and Personal Care
Everyday Makeup,Beauty Products and Personal Care
Hair Care,Beauty Products and Personal Care
Oral Care,Beauty Products and Personal Care
Shaving and Grooming,Beauty Products and Personal Care
Skin Care,Beauty Products and Personal Care
Women Hygiene,Beauty Products and Personal Care
"Books, Software and E-learning",
Books,"Books, Software and E-learning"
E-learning,"Books, Software and E-learning"
Software,"Books, Software and E-learning"
Camera and Photos,
Binoculars and Telescopes,Camera and Photos
Camcoders,Camera and Photos
Camera Accessories,Camera and Photos
Camera Lens,Camera and Photos
DSLR,Camera and Photos
Digital Cameras,Camera and Photos
Digital Photo Frames,Camera and Photos
"Computers, Laptops and Accessories",
Computer Components and Accessories,"Computers, Laptops and Accessories"
Desktops,"Computers, Laptops and Accessories"
External Hard Drives,"Computers, Laptops and Accessories"
Headphones and Mics,"Computers, Laptops and Accessories"
Ink Cartridges and Toners,"Computers, Laptops and Accessories"
Laptops,"Computers, Laptops and Accessories"
Monitors,"Computers, Laptops and Accessories"
Pen Drives and Memory Cards,"Computers, Laptops and Accessories"
Printers and Scanners,"Computers, Laptops and Accessories"
Routers and Modems,"Computers, Laptops and Accessories"
USB Modems,"Computers, Laptops and Accessories"
Electronics and Appliances,
Audio and Video Accessories,Electronics and Appliances
Headphones and Earphones,Electronics and Appliances
Home and Kitchen Appliances,Electronics and Appliances
Portable Audio Players,Electronics and Appliances
Projectors,Electronics and Appliances
Speakers,Electronics and Appliances
TV,Electronics and Appliances
Washing Machines,Electronics and Appliances
Gifts,
Grocery and Gourmet Food,
Frozen Food Items,Grocery and Gourmet Food
"Handbags, Bags and Luggage",
Handbags and Clutches,"Handbags, Bags and Luggage"
Luggage and Bags,"Handbags, Bags and Luggage"
Wallets,"Handbags, Bags and Luggage"
Health and Wellness,
Bp and Heart Rate Monitors,Health and Wellness
Diabetic Care,Health and Wellness
E-Ciggarettes and E-Sheesha,Health and Wellness
Health Devices,Health and Wellness
Homeopathy,Health and Wellness
Hospital and Medical Equipment,Health and Wellness
Massage and Pain Relief,Health and Wellness
Pharmacy Products,Health and Wellness
Protein and Health Supplements,Health and Wellness
Sexual Wellness,Health and Wellness
Woman Care and Motherhood,Health and Wellness
Home and Kitchen,
Furniture,Home and Kitchen
Home Decor and Furnishing,Home and Kitchen
Kitchenware,Home and Kitchen
Industrial and Scientific Goods,
"Mobile Phone, Tablets and Accessories",
"Case, Cover and Screenguards","Mobile Phone, Tablets and Accessories"
Digital Goods,"Mobile Phone, Tablets and Accessories"
Mobile Accessories,"Mobile Phone, Tablets and Accessories"
Mobiles,"Mobile Phone, Tablets and Accessories"
Powerbanks,"Mobile Phone, Tablets and Accessories"
Tablets,"Mobile Phone, Tablets and Accessories"
"Movies, Music and Video Games",
Musical Instruments,
Pet Supplies,
Shoes and Footwear,
Kids' Footwear,Shoes and Footwear
Men's Footwear,Shoes and Footwear
Women's Footwear,Shoes and Footwear
Sports and Outdoors,
Exercise and Fitness,Sports and Outdoors
Outdoor Gear,Sports and Outdoors
Sports Clothing,Sports and Outdoors
Sports Gear and Equipments,Sports and Outdoors
Stationery and Office Products,
Other Office Products,Stationery and Office Products
Stationery,Stationery and Office Products
Tools and Hardware,
Bathroom Fittings and Accessories,Tools and Hardware
Other Tools,Tools and Hardware
Paint and Paint Tools,Tools and Hardware
Toys and Games,
Uncategorized,
"Watches, Eyewear and Jewellery",
Eyewear,"Watches, Eyewear and Jewellery"
Jewellery,"Watches, Eyewear and Jewellery"
Watches,"Watches, Eyewear and Jewellery"
